{
  "data": [
    {
      "id": 1,
      "img": "img/popular-image.jpg",
      "placeName": "Kintamani Mountain",
      "region": "Kintamani, Bangli",
      "textDetails": "<strong> Kintamani </strong> is located in the southern part of Batur Tengah Village of Kintamani District, about 20 kms from the town of Bangli or 63 kms(2.30 hours drive) from Denpasar, the capital of Bali Province. All roads are generally in good condition to   access to this place. The fog will descend and blanket entire area of Kintamani with cold temperature in particular at late afternoon until the whole of night. The most amazing panorama at Kintamani can be seen in the morning time, when the sunrise emerges on the surface of earth precisely on the Batur Mountain. ",
      "iframeLink": "https://www.google.com/maps/embed?pb=!1m18!1m12!1m3!1d3948.5769498714776!2d115.33210517500987!3d-8.245223291788106!2m3!1f0!2f0!3f0!3m2!1i1024!2i768!4f13.1!3m3!1m2!1s0x2dd1f5643c11f637%3A0x21bbe52a52636ade!2sKintamani%20mountain!5e0!3m2!1sid!2sid!4v1721613664973!5m2!1sid!2sid",
      "rating": 4.5
    },
    {
      "id": 2,
      "img": "img/popular-image.jpg",
      "placeName": "Pantai Kuta",
      "region": "Badung",
      "textDetails": "Lorem",
      "iframeLink": "https://www.google.com/maps/embed?pb=!1m18!1m12!1m3!1d7621.2494319507!2d115.25949349143113!3d-8.704183614427995!2m3!1f0!2f0!3f0!3m2!1i1024!2i768!4f13.1!3m3!1m2!1s0x2dd241c1ce0912c1%3A0xf026af7177f0d541!2sPantai%20Sanur!5e0!3m2!1sid!2sid!4v1721306817818!5m2!1sid!2sid"
    },
    {
      "id": 3,
      "img": "img/popular-image.jpg",
      "placeName": "Pantai Balangan",
      "region": "Jimbaran",
      "textDetails": "Lorem",
      "iframeLink": "https://www.google.com/maps/embed?pb=!1m18!1m12!1m3!1d7621.2494319507!2d115.25949349143113!3d-8.704183614427995!2m3!1f0!2f0!3f0!3m2!1i1024!2i768!4f13.1!3m3!1m2!1s0x2dd241c1ce0912c1%3A0xf026af7177f0d541!2sPantai%20Sanur!5e0!3m2!1sid!2sid!4v1721306817818!5m2!1sid!2sid"
    }
  ]
}
